{
  "project_info": {
    "project_number": "503215276661",
    "project_id": "greek-code-1fae8",
    "storage_bucket": "greek-code-1fae8.appspot.com"
  },
  "client": [
    {
      "client_info": {
        "mobilesdk_app_id": "1:503215276661:android:712f737c89a8bfb22b2e3c",
        "android_client_info": {
          "package_name": "com.example.greekcode"
        }
      },
      "oauth_client": [
        {
          "client_id": "503215276661-akh41jtos5imoavf5mq4ma4lhi6fsct7.apps.googleusercontent.com",
          "client_type": 3
        }
      ],
      "api_key": [
        {
          "current_key": "AIzaSyASv3bR0WFy-OL6-k8Zc-rTfHalzXCO54Q"
        }
      ],
      "services": {
        "appinvite_service": {
          "other_platform_oauth_client": [
            {
              "client_id": "503215276661-akh41jtos5imoavf5mq4ma4lhi6fsct7.apps.googleusercontent.com",
              "client_type": 3
            }
          ]
        }
      }
    }
  ],
  "configuration_version": "1"
}